{"stats":{"minecraft:used":{"moderndeco:devicespcgaming":4,"modernfurniture:office_wood_desk_a":2,"modernfurniture:wood_kitchen_cabinet_3_b":12,"minecraft:moss_block":690,"electronic_device_mod:monitor_with_mousen_keyboard":1,"refurbished_furniture:dark_range_hood":2,"moderndeco:pcmodern":2,"minecraft:iron_bars":96,"furnitureexpanded:paper_holder":2,"minecraft:pink_glazed_terracotta":39,"modernfurniture:wood_kitchen_cabinet_3_a":7,"modernfurniture:wood_kitchen_cabinet_3_c":1,"furnitureexpanded:towel_bar":2,"modernfurniture:geometric_wood_wall_b":19,"securitycraft:keypad_chest":2,"gamingdeco:gaming_pc_1_off":6,"minecraft:polished_diorite_slab":140,"furnitureexpanded:mirror":1,"minecraft:light_gray_carpet":50,"modernfurniture:modern_tv_stand_2":3,"minecraft:black_carpet":17,"modernfurniture:wood_bed_d":2,"furnitureexpanded:toilet":1,"modernfurniture:wood_kitchen_drawer_b_with_sink":3,"furnitureexpanded:bathtub":1,"refurbished_furniture:dark_microwave":1,"refurbished_furniture:dark_oak_kitchen_drawer":2,"modernfurniture:modern_kitchen_drawer_4_b":9,"modernfurniture:wood_kitchen_cabinet_2_a":4,"minecraft:white_carpet":137,"securitycraft:keypad_item":1,"minecraft:jungle_planks":8,"refurbished_furniture:black_sofa":13,"modernfurniture:monitor":6,"minecraft:gray_concrete":1,"modernfurniture:wood_door_left_a":1,"modernfurniture:air_conditioner_b":3,"gamingdeco:flat_screen_monitor_obs":8,"electronic_device_mod:black_gaming_pc":8,"modernfurniture:modern_kitchen_drawer_a":18,"modernfurniture:modern_tv_stand":1,"gamingdeco:modern_tv_type_2_on":2,"minecraft:dark_oak_planks":104,"refurbished_furniture:recycle_bin":1,"modernfurniture:wood_hexagon_wall_panel_b":4,"refurbished_furniture:black_kitchen_cabinetry":4,"mdm:black_office_desk":9,"refurbished_furniture:dark_oak_desk":15,"minecraft:crying_obsidian":24,"dragnvehicles:car":6,"furnitureexpanded:bathroom_sink":1,"minecraft:lantern":1,"minecraft:grass_block":71,"minecraft:bread":3,"gamingdeco:flat_screen_monitor_turned_right_obs":13,"furnitureexpanded:shower_box":2,"minecraft:cyan_carpet":90,"refurbished_furniture:light_toaster":1,"gamingdeco:asas_gaming_monitor_off":2,"modernfurniture:laptop_on":3,"modernfurniture:wood_kitchen_drawer_3_b":8,"modernfurniture:wood_kitchen_drawer_3_c":5,"modernfurniture:wood_strip_wall_d":11,"mdm:shelf":11,"minecraft:polished_andesite_slab":16,"modernfurniture:office_wood_desk_3_a":2,"electronic_device_mod:microwave_oven":1,"modernfurniture:wood_kitchen_drawer_3_d":10,"modernfurniture:modern_kitchen_drawer_4_a":1,"mdm:white_modern_stairs":16,"modernfurniture:tv":2,"refurbished_furniture:dark_stove":4,"minecraft:red_carpet":257,"minecraft:lime_concrete":19,"refurbished_furniture:dark_fridge":2,"modernfurniture:ergonomic_chair":1,"minecraft:gray_bed":2,"gamingdeco:modern_tv_on":2,"refurbished_furniture:dark_oak_chair":3,"gamingdeco:playtics_station_next_gen":3,"electronic_device_mod:tv":6,"gamingdeco:flat_screen_monitor_turned_left_obs":3,"gamingdeco:mmd_gaming_laptop_open_off":2,"gamingdeco:modern_tv":3,"modernfurniture:fridge":3,"minecraft:white_concrete":162,"moderndeco:armchair_2":2,"refurbished_furniture:dark_oak_table":1,"minecraft:smooth_stone":8,"modernfurniture:wood_coffee_table_2_a":3},"minecraft:picked_up":{"refurbished_furniture:dark_fridge":1,"minecraft:repeater":3,"modernfurniture:modern_light_2":1,"minecraft:water_bucket":7,"modernfurniture:wood_kitchen_drawer_3_c":1,"minecraft:black_bed":1,"minecraft:filled_map":11,"gamingdeco:modern_tv_on":1,"minecraft:cornflower":1,"dragnvehicles:car":12,"minecraft:lantern":7,"minecraft:paper":8,"gamingdeco:playtics_station_next_gen":1,"gamingdeco:flat_screen_monitor_turned_right_obs":1,"gamingdeco:asas_gaming_monitor_off":1,"minecraft:white_carpet":22,"minecraft:red_carpet":28,"gamingdeco:modern_tv":1,"modernfurniture:office_wood_desk_3_a":1,"minecraft:gray_bed":1,"modernfurniture:wood_kitchen_cabinet_3_a":1,"modernfurniture:wood_kitchen_cabinet_3_c":1,"gamingdeco:flat_screen_monitor_turned_left_obs":1,"electronic_device_mod:microwave_oven":1,"modernfurniture:tv":1,"moderndeco:pcmodern":1,"gamingdeco:flat_screen_monitor_obs":1,"minecraft:lily_of_the_valley":3,"minecraft:redstone":3,"minecraft:stone_pressure_plate":2,"refurbished_furniture:dark_oak_chair":1,"modernfurniture:laptop_on":1,"mdm:shelf":1,"minecraft:light_blue_carpet":1,"minecraft:white_concrete":1,"minecraft:bread":2},"minecraft:custom":{"minecraft:open_barrel":1,"minecraft:leave_game":3,"minecraft:time_since_death":160626,"minecraft:time_since_rest":160626,"minecraft:sprint_one_cm":175762,"minecraft:walk_one_cm":260895,"minecraft:drop":31,"minecraft:fly_one_cm":143151,"minecraft:crouch_one_cm":2633,"minecraft:play_time":160626,"minecraft:sneak_time":3246,"minecraft:walk_under_water_one_cm":820,"minecraft:jump":381,"minecraft:walk_on_water_one_cm":13359,"minecraft:total_world_time":160626,"minecraft:fall_one_cm":896,"minecraft:inspect_dispenser":2},"minecraft:dropped":{"minecraft:bread":2,"modernfurniture:tv":1,"modernfurniture:wood_kitchen_drawer_3_c":1,"dragnvehicles:car":6,"moderndeco:pcmodern":1,"minecraft:black_bed":1,"modernfurniture:office_wood_desk_3_a":1,"gamingdeco:flat_screen_monitor_obs":1,"refurbished_furniture:dark_oak_chair":1,"electronic_device_mod:microwave_oven":1,"minecraft:red_carpet":1,"gamingdeco:modern_tv":1,"gamingdeco:playtics_station_next_gen":1,"gamingdeco:asas_gaming_monitor_off":1,"modernfurniture:laptop_on":1,"mdm:shelf":1,"minecraft:gray_bed":2,"minecraft:white_concrete":1,"minecraft:light_blue_carpet":1,"modernfurniture:modern_light_2":1,"refurbished_furniture:dark_fridge":1,"modernfurniture:wood_kitchen_cabinet_3_c":1,"gamingdeco:modern_tv_on":1,"modernfurniture:wood_kitchen_cabinet_3_a":1,"gamingdeco:flat_screen_monitor_turned_right_obs":1,"minecraft:paper":4,"gamingdeco:flat_screen_monitor_turned_left_obs":1}},"DataVersion":3465}