{"stats":{"minecraft:dropped":{"minecraft:andesite_slab":1,"minecraft:mushroom_stem":2,"modernfurniture:light_herringbone_parquet":1,"minecraft:paper":15},"minecraft:custom":{"minecraft:leave_game":1,"minecraft:time_since_death":104018,"minecraft:time_since_rest":104018,"minecraft:walk_one_cm":242429,"minecraft:sprint_one_cm":114429,"minecraft:damage_taken":60,"minecraft:drop":19,"minecraft:fly_one_cm":264772,"minecraft:crouch_one_cm":472,"minecraft:play_time":104018,"minecraft:sneak_time":533,"minecraft:jump":374,"minecraft:total_world_time":104018,"minecraft:fall_one_cm":1771},"minecraft:used":{"modernfurniture:wood_kitchen_cabinet_3_b":1,"modernfurniture:wall_white_concrete_bottom_right":1,"mdm:leafless_bamboo_decoration_2":4,"electronic_device_mod:laptop_1":1,"moderndeco:pcmodern":4,"modernfurniture:modern_furniture_statue_toy":3,"mdm:black_moder_stairs":10,"modernfurniture:wood_door_right_b":3,"modernfurniture:modern_tv_stand_3_b":1,"minecraft:smooth_quartz_slab":2,"modernfurniture:light_herringbone_parquet":254,"minecraft:andesite_slab":27,"modernfurniture:modern_tv_stand_2":2,"jeg:service_rifle":77,"modernfurniture:wood_shelf_3_b":1,"moderndeco:poster_4":1,"minecraft:spruce_planks":21,"minecraft:tinted_glass":45,"modernfurniture:knife_holder":1,"modernfurniture:logo":5,"moderndeco:graphictablet":3,"moderndeco:carpetblueblock":1,"gamingdeco:modern_tv_on_pc_mode":1,"modernfurniture:modern_fence_left":3,"modernfurniture:cooktop":1,"refurbished_furniture:dark_ceiling_light":7,"modernfurniture:modern_coffee_table_b":1,"modernfurniture:wood_store_table_left_b":5,"moderndeco:tvminimounted":1,"modernfurniture:monitor_3":5,"moderndeco:devicespcmodern":2,"modernfurniture:office_wood_desk_3_b":2,"modernfurniture:modern_shelf_2_left":3,"modernfurniture:asphalt_block":49,"refurbished_furniture:warped_desk":2,"refurbished_furniture:black_sofa":9,"gamingdeco:modern_tv_type_2":4,"modernfurniture:office_wood_desk_b":8,"modernfurniture:wood_audio_speaker_b":11,"moderndeco:consoleps_5":2,"minecraft:mushroom_stem":8,"modernfurniture:modern_light_2":2,"moderndeco:armchair":1,"refurbished_furniture:dark_electricity_generator":1,"electronic_device_mod:monitor":2,"modernfurniture:wood_hexagon_wall_panel_b":15,"moderndeco:wardentoy":1,"modernfurniture:geometric_wood_wall_2_a":4,"dragnvehicles:car":1,"minecraft:quartz_slab":2,"minecraft:bread":3,"moderndeco:stridertoy":1,"modernfurniture:celling_fan":1,"moderndeco:consolexboxx":1,"mdm:set_2_cabinet_2":1,"modernfurniture:laptop_on":2,"electronic_device_mod:black_router":2,"refurbished_furniture:dark_lightswitch":2,"modernfurniture:patio_gray_rug":11,"dragnvehicles:suv":1,"modernfurniture:wood_bed_a":2,"modernfurniture:tv":1,"moderndeco:poster_7":2,"minecraft:purple_concrete":31,"minecraft:lime_concrete":2,"modernfurniture:ergonomic_chair":2,"minecraft:written_book":2,"modernfurniture:modern_wood_planks_slab_a":90,"modernfurniture:wood_shelf_b":8,"minecraft:gray_bed":2,"modernfurniture:modern_shelf_2_right":2,"moderndeco:pudgetoy":1,"moderndeco:endermantoy":3,"modernfurniture:tv_wall_mount":1,"moderndeco:tablet":1,"gamingdeco:microphoneyetos":1,"modernfurniture:wood_door_left_b":1,"modernfurniture:air_conditioner_a":2},"minecraft:picked_up":{"minecraft:paper":26,"minecraft:dark_oak_sign":1,"minecraft:gray_bed":1,"minecraft:mushroom_stem":1}},"DataVersion":3465}