{"stats":{"minecraft:picked_up":{"minecraft:wooden_axe":1,"minecraft:birch_door":3,"minecraft:creeper_head":1,"minecraft:chainmail_boots":1,"minecraft:flower_pot":3,"minecraft:anvil":5,"minecraft:suspicious_stew":4,"minecraft:magenta_carpet":4,"minecraft:lead":1,"minecraft:oak_stairs":43,"minecraft:birch_button":9,"minecraft:golden_sword":1,"minecraft:string":5,"minecraft:dark_oak_pressure_plate":5,"minecraft:dark_oak_trapdoor":1,"minecraft:cooked_salmon":1,"minecraft:beetroot_soup":1,"minecraft:orange_glazed_terracotta":3,"minecraft:shroomlight":1,"minecraft:beetroot":38,"minecraft:gold_nugget":15,"minecraft:spruce_planks":4,"minecraft:acacia_sign":4,"minecraft:written_book":162,"minecraft:melon_slice":5,"minecraft:dark_oak_door":13,"minecraft:crimson_sign":2,"minecraft:diamond_ore":4,"minecraft:spruce_pressure_plate":5,"minecraft:beehive":3,"minecraft:music_disc_blocks":1,"minecraft:green_bed":1,"minecraft:warped_button":19,"minecraft:warped_planks":4,"minecraft:cauldron":1,"minecraft:brown_carpet":5,"minecraft:gray_stained_glass_pane":2,"minecraft:honey_bottle":16,"minecraft:command_block":68,"minecraft:light_blue_wool":1,"minecraft:red_tulip":16,"minecraft:blue_dye":3,"minecraft:cyan_terracotta":3,"minecraft:wolf_spawn_egg":8,"minecraft:white_terracotta":2,"minecraft:blackstone_stairs":1,"minecraft:snowball":94,"minecraft:cooked_beef":10,"minecraft:birch_slab":128,"minecraft:iron_door":9,"minecraft:water_bucket":20,"minecraft:acacia_leaves":1,"minecraft:flint":4,"minecraft:lantern":21,"minecraft:light_gray_concrete_powder":1,"minecraft:purple_carpet":1,"minecraft:dark_oak_sign":53,"minecraft:debug_stick":3,"minecraft:stripped_spruce_log":1,"minecraft:red_terracotta":1,"minecraft:barrel":66,"minecraft:polished_andesite":1,"minecraft:lever":27,"minecraft:writable_book":18,"minecraft:granite":238,"minecraft:spruce_button":3,"minecraft:chainmail_helmet":4,"minecraft:bread":21,"minecraft:cyan_dye":3,"minecraft:light_gray_carpet":101,"minecraft:mangrove_button":1,"minecraft:magenta_glazed_terracotta":9,"minecraft:crafting_table":1,"minecraft:coarse_dirt":21,"minecraft:redstone_lamp":1,"minecraft:orange_stained_glass_pane":3,"minecraft:orange_banner":1,"minecraft:acacia_button":5,"minecraft:heavy_weighted_pressure_plate":18,"minecraft:cornflower":14,"minecraft:acacia_door":6,"minecraft:snow":3,"minecraft:white_carpet":52,"minecraft:iron_shovel":3,"minecraft:beef":12,"minecraft:jungle_sapling":1,"minecraft:poppy":17,"minecraft:minecart":3,"minecraft:chest":6,"minecraft:birch_sapling":1,"minecraft:egg":18,"minecraft:stone":194,"minecraft:oak_door":9,"minecraft:music_disc_mellohi":3,"minecraft:white_dye":63,"minecraft:cake":13,"minecraft:carrot":160,"minecraft:redstone":674,"minecraft:blue_carpet":1,"minecraft:jungle_sign":16,"minecraft:repeating_command_block":8,"minecraft:bamboo_sign":1,"minecraft:cooked_cod":3,"minecraft:beetroot_seeds":4,"minecraft:peony":3,"minecraft:warped_sign":7,"minecraft:mutton":1,"minecraft:white_wool":12,"minecraft:rail":12,"minecraft:oxeye_daisy":20,"minecraft:clock":70,"minecraft:tripwire_hook":5,"minecraft:fox_spawn_egg":47,"minecraft:blackstone_slab":1,"minecraft:red_mushroom":2,"minecraft:filled_map":154,"minecraft:lily_pad":6,"minecraft:jungle_button":3,"minecraft:blue_bed":3,"minecraft:paper":763,"minecraft:white_banner":16,"minecraft:light_blue_banner":1,"minecraft:apple":428,"minecraft:stone_bricks":10,"minecraft:kelp":22,"minecraft:glass_bottle":73,"minecraft:flowering_azalea":1,"minecraft:dark_oak_stairs":1,"minecraft:polished_andesite_stairs":1,"minecraft:dark_oak_slab":202,"minecraft:chain_command_block":27,"minecraft:sweet_berries":27,"minecraft:yellow_concrete":17,"minecraft:red_wool":1,"minecraft:spyglass":5,"minecraft:lime_concrete":1,"minecraft:gravel":80,"minecraft:crimson_stairs":3,"minecraft:birch_stairs":17,"minecraft:spruce_sapling":2,"minecraft:oak_wood":37,"minecraft:polished_diorite":1,"minecraft:purple_glazed_terracotta":2,"minecraft:painting":6,"minecraft:birch_sign":94,"minecraft:gray_wool":2,"minecraft:warped_roots":1,"minecraft:oak_button":44,"minecraft:baked_potato":2,"minecraft:crimson_nylium":1,"minecraft:hopper":67,"minecraft:music_disc_strad":2,"minecraft:wheat":676,"minecraft:black_carpet":2,"minecraft:redstone_block":71,"minecraft:iron_trapdoor":1,"minecraft:green_stained_glass_pane":1,"minecraft:yellow_wool":64,"minecraft:potion":148,"minecraft:warped_stairs":17,"minecraft:smooth_stone_slab":2,"minecraft:oak_sign":167,"minecraft:sea_pickle":7,"minecraft:activator_rail":2,"minecraft:comparator":127,"minecraft:light_weighted_pressure_plate":6,"minecraft:white_tulip":3,"minecraft:rose_bush":10,"minecraft:redstone_torch":88,"minecraft:azalea":4,"minecraft:smooth_quartz":2,"minecraft:iron_pickaxe":3,"minecraft:blue_wool":6,"minecraft:stick":67,"minecraft:jungle_door":2,"minecraft:torch":1,"minecraft:spruce_stairs":18,"minecraft:porkchop":11,"minecraft:crimson_button":2,"minecraft:music_disc_pigstep":1,"minecraft:diorite":1355,"minecraft:light_gray_banner":5,"minecraft:quartz_block":5,"minecraft:rotten_flesh":1,"minecraft:music_disc_wait":1,"minecraft:stripped_birch_wood":1,"minecraft:cod":10,"minecraft:cobblestone":568,"minecraft:nautilus_shell":8,"minecraft:leather_chestplate":33,"minecraft:lilac":3,"minecraft:repeater":173,"minecraft:warped_fungus_on_a_stick":20,"minecraft:andesite":1692,"minecraft:potato":193,"minecraft:smooth_sandstone_stairs":2,"minecraft:light_gray_dye":3,"minecraft:warped_trapdoor":1,"minecraft:bat_spawn_egg":2,"minecraft:wither_skeleton_skull":1,"minecraft:dirt":331,"minecraft:name_tag":27,"minecraft:leather_boots":9,"minecraft:glass":64,"minecraft:bow":6,"minecraft:orange_tulip":6,"minecraft:wheat_seeds":2083,"minecraft:pink_banner":6,"minecraft:bell":2,"minecraft:bamboo":14,"minecraft:powered_rail":13,"minecraft:cyan_concrete":1,"minecraft:oak_planks":9,"minecraft:stone_hoe":8,"minecraft:lime_glazed_terracotta":2,"minecraft:oak_pressure_plate":20,"minecraft:grass_block":4,"minecraft:lily_of_the_valley":1,"minecraft:orange_wool":5,"minecraft:dead_fire_coral":1,"minecraft:sugar":68,"minecraft:diamond":3,"minecraft:polished_blackstone_button":22,"minecraft:crossbow":5,"minecraft:bone_meal":1,"minecraft:white_concrete":81,"minecraft:spruce_sign":39,"minecraft:emerald":150,"minecraft:oak_sapling":1,"minecraft:dead_brain_coral":1,"minecraft:oak_leaves":64,"minecraft:fishing_rod":1,"minecraft:cocoa_beans":22,"minecraft:charcoal":107,"minecraft:allium":4,"minecraft:firework_star":91,"minecraft:azure_bluet":27,"minecraft:splash_potion":1,"minecraft:chicken":4,"minecraft:ladder":4,"minecraft:rabbit_stew":1,"minecraft:brown_mushroom":31,"minecraft:wooden_pickaxe":3,"minecraft:stone_brick_wall":64,"minecraft:iron_axe":3,"minecraft:wooden_sword":2,"minecraft:item_frame":50,"minecraft:cyan_carpet":8,"minecraft:blue_orchid":2,"minecraft:detector_rail":1,"minecraft:oak_boat":1,"minecraft:player_head":72,"minecraft:observer":13,"minecraft:light_gray_wool":1,"minecraft:sugar_cane":3,"minecraft:lime_wool":78,"minecraft:bowl":10,"minecraft:mooshroom_spawn_egg":8,"minecraft:gray_dye":127,"minecraft:stone_button":111,"minecraft:quartz_pillar":1,"minecraft:cookie":28,"minecraft:brown_dye":3,"minecraft:stone_pressure_plate":19,"minecraft:arrow":152,"minecraft:pumpkin_pie":7,"minecraft:golden_hoe":64,"minecraft:pink_tulip":10,"minecraft:saddle":114,"minecraft:purple_dye":63,"minecraft:dark_oak_button":7,"minecraft:basalt":9,"minecraft:salmon":26,"minecraft:carrot_on_a_stick":13,"minecraft:birch_planks":1,"minecraft:waxed_copper_block":1,"minecraft:red_carpet":8,"minecraft:gray_carpet":11,"minecraft:acacia_sapling":5,"minecraft:book":3,"minecraft:scaffolding":20,"minecraft:oak_slab":189,"minecraft:emerald_block":1,"minecraft:pumpkin":15,"minecraft:stone_brick_slab":2,"minecraft:dandelion":45,"minecraft:green_carpet":9,"minecraft:spruce_door":20,"minecraft:cyan_banner":4,"minecraft:lime_banner":1,"minecraft:lime_dye":3,"minecraft:honey_block":2,"minecraft:dead_bubble_coral_block":1,"minecraft:coal":260,"minecraft:sunflower":9},"minecraft:custom":{"minecraft:interact_with_crafting_table":1,"minecraft:open_barrel":134,"minecraft:bell_ring":18,"minecraft:eat_cake_slice":2,"minecraft:leave_game":941,"minecraft:time_since_death":17310940,"minecraft:play_time":18079285,"minecraft:deaths":3,"minecraft:jump":15601,"minecraft:interact_with_furnace":4,"minecraft:play_record":5,"minecraft:damage_dealt":5873,"minecraft:interact_with_smoker":111,"minecraft:inspect_dispenser":33,"minecraft:horse_one_cm":26582,"minecraft:inspect_dropper":275,"minecraft:interact_with_anvil":236,"minecraft:inspect_hopper":95,"minecraft:target_hit":104,"minecraft:sneak_time":759148,"minecraft:interact_with_lectern":23,"minecraft:total_world_time":16667973,"minecraft:tune_noteblock":113,"minecraft:interact_with_stonecutter":2,"minecraft:time_since_rest":16755244,"minecraft:swim_one_cm":4663,"minecraft:fly_one_cm":202508170,"minecraft:open_chest":223,"minecraft:fall_one_cm":22886,"minecraft:open_shulker_box":65,"minecraft:damage_resisted":1280,"minecraft:sprint_one_cm":4409303,"minecraft:drop":3000,"minecraft:talked_to_villager":169,"minecraft:interact_with_brewingstand":4,"minecraft:walk_on_water_one_cm":642344,"minecraft:interact_with_loom":26,"minecraft:open_enderchest":4,"minecraft:crouch_one_cm":330394,"minecraft:mob_kills":42,"minecraft:damage_dealt_resisted":108,"minecraft:climb_one_cm":4200,"minecraft:walk_one_cm":4393445,"minecraft:walk_under_water_one_cm":852120,"minecraft:pot_flower":91,"minecraft:interact_with_grindstone":1,"minecraft:damage_taken":4700,"minecraft:trigger_trapped_chest":2,"minecraft:minecart_one_cm":94050,"minecraft:pig_one_cm":24810163},"minecraft:used":{"minecraft:peony":19,"minecraft:moss_block":4,"minecraft:orange_dye":1,"minecraft:writable_book":13,"minecraft:nether_brick_fence":50,"minecraft:jack_o_lantern":12,"minecraft:polished_granite_stairs":178,"minecraft:chiseled_deepslate":8,"minecraft:smooth_quartz_slab":1143,"minecraft:dead_horn_coral_block":23,"minecraft:cut_red_sandstone_slab":8,"minecraft:dispenser":32,"minecraft:red_sandstone_slab":7,"minecraft:spruce_slab":1559,"minecraft:ladder":33,"minecraft:dead_brain_coral":12,"minecraft:poppy":48,"minecraft:green_banner":4,"minecraft:chest":83,"minecraft:stone":7289,"minecraft:red_nether_brick_stairs":1,"minecraft:warped_sign":160,"minecraft:quartz_stairs":881,"minecraft:farmland":106,"minecraft:cocoa_beans":5,"minecraft:lily_of_the_valley":35,"minecraft:blue_stained_glass":1,"minecraft:jungle_slab":66,"minecraft:allium":16,"minecraft:orange_wool":363,"minecraft:deepslate_brick_slab":25,"minecraft:acacia_sapling":3,"minecraft:magenta_candle":2,"minecraft:acacia_button":26,"minecraft:snowball":126,"minecraft:azure_bluet":42,"minecraft:stripped_spruce_log":255,"minecraft:jungle_sapling":8,"minecraft:polished_blackstone_slab":125,"minecraft:packed_ice":2,"minecraft:honey_block":12,"minecraft:stripped_dark_oak_wood":21,"minecraft:lava_bucket":4,"minecraft:netherite_shovel":45,"minecraft:quartz_pillar":558,"minecraft:music_disc_pigstep":1,"minecraft:red_wool":423,"minecraft:jungle_fence_gate":2,"minecraft:warped_hyphae":12,"minecraft:black_stained_glass_pane":395,"minecraft:grass_block":10723,"minecraft:deepslate_copper_ore":9,"minecraft:polished_andesite_stairs":399,"minecraft:quartz_block":503,"minecraft:wet_sponge":57,"minecraft:dark_oak_leaves":3289,"minecraft:dark_oak_slab":438,"minecraft:music_disc_wait":1,"minecraft:dark_oak_button":21,"minecraft:diorite_wall":151,"minecraft:pink_wool":7,"minecraft:stone_brick_stairs":605,"minecraft:rabbit_stew":2,"minecraft:red_stained_glass_pane":19,"minecraft:snow":1033,"minecraft:bow":42,"minecraft:oak_sapling":2,"minecraft:sweet_berries":54,"minecraft:yellow_glazed_terracotta":2912,"minecraft:furnace":10,"minecraft:cooked_cod":2,"minecraft:acacia_fence":452,"minecraft:gray_banner":5,"minecraft:potato":210,"minecraft:seagrass":397,"minecraft:green_stained_glass_pane":10,"minecraft:dark_prismarine_stairs":34,"minecraft:lime_glazed_terracotta":11,"minecraft:light_blue_carpet":4,"minecraft:deepslate_brick_wall":12,"minecraft:short_grass":271,"minecraft:emerald_ore":4,"minecraft:diorite":298,"minecraft:mossy_stone_bricks":66,"minecraft:damaged_anvil":9,"minecraft:cow_spawn_egg":2,"minecraft:end_stone_bricks":165,"minecraft:spruce_door":26,"minecraft:warped_fungus_on_a_stick":10,"minecraft:brick_wall":62,"minecraft:stripped_birch_log":304,"minecraft:infested_stone":2,"minecraft:red_stained_glass":3,"minecraft:acacia_trapdoor":59,"minecraft:prismarine":1,"minecraft:blackstone_stairs":597,"minecraft:blackstone":300,"minecraft:orange_tulip":49,"minecraft:fox_spawn_egg":69,"minecraft:mossy_stone_brick_stairs":12,"minecraft:jungle_pressure_plate":5,"minecraft:composter":28,"minecraft:clay":23,"minecraft:purpur_pillar":11,"minecraft:oak_leaves":2491,"minecraft:smooth_quartz_stairs":683,"minecraft:respawn_anchor":1,"minecraft:dark_oak_trapdoor":366,"minecraft:sand":789,"minecraft:blue_dye":1,"minecraft:purpur_stairs":173,"minecraft:cut_sandstone_slab":77,"minecraft:blast_furnace":15,"minecraft:smooth_red_sandstone":23,"minecraft:acacia_leaves":1620,"minecraft:blue_ice":7,"minecraft:cyan_dye":1,"minecraft:oxidized_cut_copper_slab":1,"minecraft:purple_terracotta":9,"minecraft:chiseled_quartz_block":16,"minecraft:gray_concrete":311,"minecraft:stripped_cherry_wood":40,"minecraft:black_concrete_powder":2,"minecraft:red_sandstone_wall":10,"minecraft:deepslate_brick_stairs":6,"minecraft:lightning_rod":3,"minecraft:birch_fence":619,"minecraft:red_sandstone":60,"minecraft:chiseled_sandstone":23,"minecraft:stripped_bamboo_block":4,"minecraft:gray_stained_glass_pane":912,"minecraft:birch_slab":112,"minecraft:stone_button":557,"minecraft:verdant_froglight":1,"minecraft:cyan_carpet":12,"minecraft:white_glazed_terracotta":56,"minecraft:spore_blossom":1,"minecraft:lectern":8,"minecraft:red_terracotta":468,"minecraft:polished_granite":487,"minecraft:cherry_sign":27,"minecraft:oak_pressure_plate":106,"minecraft:flowering_azalea_leaves":24,"minecraft:lilac":30,"minecraft:polished_andesite_slab":512,"minecraft:soul_lantern":3,"minecraft:coal_block":37,"minecraft:diamond_sword":3,"minecraft:dark_oak_fence":255,"minecraft:white_stained_glass":1,"minecraft:green_concrete_powder":4,"minecraft:piglin_spawn_egg":3,"minecraft:waxed_cut_copper_stairs":3,"minecraft:diorite_slab":37,"minecraft:purple_wool":11,"minecraft:gray_stained_glass":424,"minecraft:diorite_stairs":34,"minecraft:oak_trapdoor":363,"minecraft:stripped_acacia_wood":40,"minecraft:polished_blackstone_brick_slab":8,"minecraft:iron_bars":4083,"minecraft:stone_sword":2,"minecraft:dead_tube_coral_block":21,"minecraft:orange_concrete":20,"minecraft:red_concrete":36,"minecraft:armor_stand":58,"minecraft:light_gray_carpet":219,"minecraft:mycelium":1,"minecraft:silverfish_spawn_egg":6,"minecraft:stripped_warped_stem":12,"minecraft:polished_blackstone_wall":8,"minecraft:sandstone_wall":120,"minecraft:structure_block":2435,"minecraft:netherrack":1,"minecraft:green_glazed_terracotta":38,"minecraft:orange_stained_glass":42,"minecraft:torch":13,"minecraft:dragon_egg":2,"minecraft:brewing_stand":5,"minecraft:anvil":3113,"minecraft:warped_wart_block":1,"minecraft:target":29,"minecraft:light_blue_dye":3,"minecraft:crimson_hyphae":1,"minecraft:stone_stairs":503,"minecraft:nether_brick_slab":11,"minecraft:light_gray_glazed_terracotta":28,"minecraft:yellow_carpet":1,"minecraft:golden_shovel":53,"minecraft:polished_granite_slab":140,"minecraft:jungle_trapdoor":65,"minecraft:blue_concrete":33,"minecraft:dead_brain_coral_block":3,"minecraft:nether_brick_stairs":8,"minecraft:oak_fence_gate":32,"minecraft:fern":154,"minecraft:polished_diorite":1172,"minecraft:small_dripleaf":10,"minecraft:shroomlight":209,"minecraft:mossy_cobblestone_stairs":27,"minecraft:flowering_azalea":1,"minecraft:sea_lantern":90,"minecraft:chipped_anvil":28,"minecraft:gray_dye":2,"minecraft:rooted_dirt":42,"minecraft:spruce_button":42,"minecraft:spawner":2,"minecraft:iron_block":1203,"minecraft:iron_axe":11,"minecraft:light_weighted_pressure_plate":17,"minecraft:cherry_slab":44,"minecraft:brick_stairs":74,"minecraft:slime_block":20,"minecraft:warped_fence":231,"minecraft:polished_deepslate_wall":85,"minecraft:jungle_log":81,"minecraft:chicken_spawn_egg":8,"minecraft:smooth_quartz":4645,"minecraft:piglin_brute_spawn_egg":1,"minecraft:cherry_fence_gate":54,"minecraft:prismarine_slab":2,"minecraft:melon_seeds":4,"minecraft:barrel":100,"minecraft:waxed_exposed_cut_copper_slab":3,"minecraft:smooth_basalt":7,"minecraft:bamboo":23,"minecraft:tripwire_hook":69,"minecraft:purple_concrete":2,"minecraft:basalt":26,"minecraft:glowstone":1111,"minecraft:lime_concrete":43,"minecraft:warped_stairs":32,"minecraft:tall_grass":97,"minecraft:gray_glazed_terracotta":7,"minecraft:iron_trapdoor":510,"minecraft:magenta_terracotta":2,"minecraft:oxidized_copper":6,"minecraft:podzol":230,"minecraft:acacia_wood":90,"minecraft:trapped_chest":3,"minecraft:crimson_pressure_plate":4,"minecraft:cobbled_deepslate":40,"minecraft:acacia_planks":12,"minecraft:cherry_fence":150,"minecraft:observer":118,"minecraft:orange_terracotta":543,"minecraft:horn_coral_fan":3,"minecraft:golden_axe":17,"minecraft:pointed_dripstone":6,"minecraft:calcite":26,"minecraft:wheat_seeds":360,"minecraft:water_bucket":470,"minecraft:yellow_banner":9,"minecraft:chiseled_bookshelf":2,"minecraft:warped_stem":1,"minecraft:nether_brick_wall":20,"minecraft:light_blue_glazed_terracotta":13,"minecraft:dirt_path":252,"minecraft:sandstone_stairs":310,"minecraft:warped_hanging_sign":5,"minecraft:prismarine_brick_slab":20,"minecraft:birch_planks":1287,"minecraft:bundle":1,"minecraft:lime_wool":627,"minecraft:cartography_table":7,"minecraft:smooth_sandstone_slab":338,"minecraft:cherry_planks":24,"minecraft:red_mushroom_block":4,"minecraft:blue_concrete_powder":1,"minecraft:cauldron":104,"minecraft:spruce_fence_gate":96,"minecraft:fletching_table":1,"minecraft:sheep_spawn_egg":1,"minecraft:glow_ink_sac":13,"minecraft:cracked_stone_bricks":97,"minecraft:diamond_block":39,"minecraft:bamboo_mosaic_stairs":50,"minecraft:orange_carpet":14,"minecraft:light_gray_banner":62,"minecraft:lime_terracotta":196,"minecraft:comparator":1855,"minecraft:rail":69,"minecraft:polished_deepslate_slab":44,"minecraft:mossy_cobblestone":62,"minecraft:vine":6,"minecraft:cyan_glazed_terracotta":3,"minecraft:oak_slab":1103,"minecraft:tnt":38,"minecraft:crafting_table":14,"minecraft:red_bed":14,"minecraft:birch_sign":824,"minecraft:white_bed":22,"minecraft:campfire":46,"minecraft:dark_oak_fence_gate":29,"minecraft:cake":6,"minecraft:spruce_log":97,"minecraft:music_disc_strad":2,"minecraft:mushroom_stem":151,"minecraft:bat_spawn_egg":1,"minecraft:deepslate_tile_wall":29,"minecraft:oak_log":574,"minecraft:blue_stained_glass_pane":19,"minecraft:dark_prismarine":60,"minecraft:cornflower":11,"minecraft:diamond_pickaxe":3,"minecraft:waxed_exposed_cut_copper_stairs":10,"minecraft:oxeye_daisy":6,"minecraft:warped_trapdoor":40,"minecraft:acacia_sign":72,"minecraft:stripped_jungle_log":43,"minecraft:sunflower":18,"minecraft:mangrove_propagule":2,"minecraft:suspicious_stew":3,"minecraft:oak_button":95,"minecraft:pig_spawn_egg":2,"minecraft:spruce_pressure_plate":38,"minecraft:cyan_concrete":294,"minecraft:purpur_slab":6,"minecraft:spruce_trapdoor":299,"minecraft:spruce_sapling":38,"minecraft:music_disc_blocks":1,"minecraft:crimson_nylium":14,"minecraft:crimson_sign":24,"minecraft:blue_carpet":8,"minecraft:green_carpet":18,"minecraft:chiseled_stone_bricks":60,"minecraft:cobblestone":1197,"minecraft:potion":13,"minecraft:azalea_leaves":134,"minecraft:orange_banner":12,"minecraft:purple_bed":2,"minecraft:acacia_pressure_plate":7,"minecraft:crimson_stairs":35,"minecraft:red_concrete_powder":2,"minecraft:warped_fence_gate":6,"minecraft:andesite_stairs":202,"minecraft:sandstone_slab":330,"minecraft:glass_pane":104,"minecraft:repeating_command_block":3127,"minecraft:end_portal_frame":7,"minecraft:stripped_oak_log":35,"minecraft:kelp":135,"minecraft:brown_mushroom_block":7,"minecraft:dandelion":31,"minecraft:jukebox":6,"minecraft:candle":3,"minecraft:green_stained_glass":6,"minecraft:light_blue_banner":45,"minecraft:moss_carpet":1,"minecraft:light_blue_stained_glass_pane":31,"minecraft:blue_terracotta":84,"minecraft:light_gray_dye":2,"minecraft:red_sand":61,"minecraft:iron_shovel":576,"minecraft:polished_deepslate":2,"minecraft:melon":15,"minecraft:light_gray_stained_glass_pane":808,"minecraft:carrot_on_a_stick":585,"minecraft:bone_block":244,"minecraft:oak_sign":1373,"minecraft:mangrove_button":1,"minecraft:polished_basalt":16,"minecraft:white_concrete_powder":21,"minecraft:decorated_pot":9,"minecraft:white_terracotta":325,"minecraft:creeper_head":4,"minecraft:stripped_jungle_wood":303,"minecraft:bell":4,"minecraft:player_head":623,"minecraft:smooth_sandstone_stairs":313,"minecraft:soul_campfire":35,"minecraft:green_terracotta":7,"minecraft:stripped_crimson_stem":92,"minecraft:debug_stick":1768,"minecraft:white_candle":1,"minecraft:spruce_leaves":5510,"minecraft:mooshroom_spawn_egg":8,"minecraft:birch_pressure_plate":18,"minecraft:orange_glazed_terracotta":7,"minecraft:jungle_planks":197,"minecraft:prismarine_brick_stairs":38,"minecraft:carrot":129,"minecraft:deepslate_tile_slab":32,"minecraft:pink_terracotta":116,"minecraft:tuff":14,"minecraft:beehive":118,"minecraft:cyan_wool":301,"minecraft:obsidian":21,"minecraft:polished_deepslate_stairs":96,"minecraft:big_dripleaf":16,"minecraft:glass":785,"minecraft:crimson_button":18,"minecraft:cyan_terracotta":8292,"minecraft:bricks":1191,"minecraft:coal_ore":3,"minecraft:spruce_wood":108,"minecraft:quartz_slab":1571,"minecraft:lantern":70,"minecraft:blue_orchid":8,"minecraft:green_wool":203,"minecraft:packed_mud":31,"minecraft:polished_blackstone_brick_wall":9,"minecraft:dark_oak_wood":428,"minecraft:light_blue_bed":4,"minecraft:mossy_cobblestone_slab":61,"minecraft:gray_concrete_powder":98,"minecraft:stone_bricks":1787,"minecraft:item_frame":472,"minecraft:bedrock":308,"minecraft:spruce_hanging_sign":17,"minecraft:birch_button":94,"minecraft:birch_trapdoor":194,"minecraft:reinforced_deepslate":5,"minecraft:repeater":3455,"minecraft:red_carpet":18,"minecraft:redstone_lamp":143,"minecraft:red_nether_brick_wall":3,"minecraft:brown_carpet":72,"minecraft:warped_fungus":2,"minecraft:hay_block":33,"minecraft:written_book":151,"minecraft:scaffolding":138,"minecraft:jungle_button":8,"minecraft:beetroot_seeds":36,"minecraft:polished_diorite_stairs":36,"minecraft:gold_block":56,"minecraft:skeleton_skull":5,"minecraft:pearlescent_froglight":8,"minecraft:large_fern":112,"minecraft:polished_blackstone_stairs":243,"minecraft:stripped_spruce_wood":278,"minecraft:dark_oak_sapling":27,"minecraft:mangrove_leaves":18,"minecraft:zombie_horse_spawn_egg":1,"minecraft:dark_oak_stairs":267,"minecraft:bamboo_trapdoor":13,"minecraft:waxed_oxidized_cut_copper_slab":29,"minecraft:end_rod":205,"minecraft:dropper":140,"minecraft:stripped_acacia_log":21,"minecraft:wither_skeleton_skull":2,"minecraft:birch_leaves":2867,"minecraft:gray_carpet":93,"minecraft:dark_oak_sign":232,"minecraft:birch_wood":300,"minecraft:jungle_fence":43,"minecraft:oak_planks":376,"minecraft:prismarine_stairs":31,"minecraft:polished_diorite_slab":171,"minecraft:sandstone":875,"minecraft:structure_void":21,"minecraft:redstone_block":529,"minecraft:blue_bed":1,"minecraft:diamond_axe":1,"minecraft:sugar_cane":79,"minecraft:bamboo_stairs":8,"minecraft:white_wool":1547,"minecraft:light_blue_concrete":36,"minecraft:infested_chiseled_stone_bricks":17,"minecraft:lime_stained_glass_pane":5,"minecraft:yellow_terracotta":383,"minecraft:loom":63,"minecraft:light_blue_wool":98,"minecraft:black_banner":2,"minecraft:light_gray_terracotta":312,"minecraft:yellow_concrete":7,"minecraft:crossbow":22,"minecraft:dead_bubble_coral":3,"minecraft:sponge":412,"minecraft:note_block":50,"minecraft:blackstone_wall":110,"minecraft:dripstone_block":7,"minecraft:ochre_froglight":9,"minecraft:stone_brick_wall":330,"minecraft:end_stone":4,"minecraft:sticky_piston":52,"minecraft:redstone_torch":975,"minecraft:black_terracotta":7,"minecraft:dead_fire_coral_fan":6,"minecraft:lever":268,"minecraft:blue_glazed_terracotta":39,"minecraft:black_concrete":19,"minecraft:daylight_detector":74,"minecraft:birch_fence_gate":53,"minecraft:acacia_door":28,"minecraft:bread":10,"minecraft:dark_oak_log":233,"minecraft:lime_carpet":4,"minecraft:light_gray_concrete":485,"minecraft:heavy_weighted_pressure_plate":40,"minecraft:string":89,"minecraft:cyan_bed":2,"minecraft:brown_wool":111,"minecraft:barrier":3617,"minecraft:warped_slab":505,"minecraft:iron_door":116,"minecraft:deepslate":33,"minecraft:prismarine_wall":19,"minecraft:gravel":4796,"minecraft:blackstone_slab":526,"minecraft:granite_slab":8,"minecraft:stripped_warped_hyphae":10,"minecraft:dead_horn_coral":1,"minecraft:jungle_sign":102,"minecraft:smooth_red_sandstone_slab":7,"minecraft:light_blue_concrete_powder":2,"minecraft:dead_horn_coral_fan":8,"minecraft:chainmail_boots":1,"minecraft:stripped_oak_wood":77,"minecraft:grindstone":19,"minecraft:crimson_door":2,"minecraft:andesite":2336,"minecraft:waxed_oxidized_cut_copper_stairs":10,"minecraft:chain":108,"minecraft:mossy_cobblestone_wall":36,"minecraft:smooth_stone_slab":7740,"minecraft:warped_button":162,"minecraft:white_concrete":2515,"minecraft:coarse_dirt":1363,"minecraft:bone_meal":2633,"minecraft:experience_bottle":1,"minecraft:cobweb":23,"minecraft:oak_fence":447,"minecraft:purpur_block":1,"minecraft:azalea":24,"minecraft:petrified_oak_slab":3,"minecraft:jungle_leaves":1127,"minecraft:rose_bush":69,"minecraft:crimson_fence":16,"minecraft:white_tulip":36,"minecraft:flint_and_steel":254,"minecraft:cracked_deepslate_bricks":1,"minecraft:stone_shovel":95,"minecraft:redstone":4234,"minecraft:light_blue_terracotta":78,"minecraft:spruce_planks":591,"minecraft:ender_chest":1,"minecraft:sculk":17,"minecraft:brown_shulker_box":3,"minecraft:wooden_shovel":303,"minecraft:stripped_birch_wood":169,"minecraft:stone_hoe":24,"minecraft:cooked_chicken":9,"minecraft:bamboo_door":4,"minecraft:dried_kelp_block":84,"minecraft:oak_door":17,"minecraft:end_stone_brick_wall":55,"minecraft:dirt":4607,"minecraft:red_nether_brick_slab":1,"minecraft:white_carpet":134,"minecraft:hopper":163,"minecraft:prismarine_bricks":64,"minecraft:spruce_stairs":816,"minecraft:cobblestone_wall":325,"minecraft:warped_door":1,"minecraft:oak_wood":3533,"minecraft:bee_nest":12,"minecraft:granite":608,"minecraft:spruce_fence":3157,"minecraft:warped_pressure_plate":9,"minecraft:light_blue_stained_glass":1,"minecraft:andesite_wall":927,"minecraft:birch_door":82,"minecraft:dark_oak_planks":211,"minecraft:stone_brick_slab":841,"minecraft:wooden_axe":6,"minecraft:brown_terracotta":62,"minecraft:red_tulip":47,"minecraft:light_gray_stained_glass":30,"minecraft:bookshelf":228,"minecraft:yellow_stained_glass":3,"minecraft:oak_stairs":364,"minecraft:smooth_sandstone":570,"minecraft:acacia_slab":35,"minecraft:crimson_slab":2,"minecraft:cherry_trapdoor":10,"minecraft:polished_blackstone_brick_stairs":7,"minecraft:crimson_planks":3,"minecraft:light_gray_wool":454,"minecraft:weathered_cut_copper":3,"minecraft:black_stained_glass":157,"minecraft:emerald_block":196,"minecraft:dark_oak_pressure_plate":24,"minecraft:soul_soil":14,"minecraft:wolf_spawn_egg":4,"minecraft:lime_stained_glass":10,"minecraft:deepslate_tile_stairs":11,"minecraft:white_stained_glass_pane":59,"minecraft:minecart":1,"minecraft:cyan_banner":7,"minecraft:cyan_concrete_powder":1,"minecraft:granite_wall":4,"minecraft:horn_coral_block":4,"minecraft:stone_pressure_plate":829,"minecraft:cooked_beef":2,"minecraft:dead_bubble_coral_block":29,"minecraft:mossy_stone_brick_wall":13,"minecraft:brown_candle":5,"minecraft:orange_stained_glass_pane":13,"minecraft:turtle_egg":31,"minecraft:light_gray_bed":3,"minecraft:brain_coral_block":1,"minecraft:cobbled_deepslate_wall":3,"minecraft:quartz_bricks":1105,"minecraft:pink_tulip":13,"minecraft:amethyst_block":9,"minecraft:cobblestone_stairs":150,"minecraft:pink_glazed_terracotta":5136,"minecraft:lodestone":35,"minecraft:snow_block":266,"minecraft:polished_andesite":1674,"minecraft:blue_wool":195,"minecraft:pink_banner":7,"minecraft:andesite_slab":183,"minecraft:purple_glazed_terracotta":22,"minecraft:cut_sandstone":180,"minecraft:brown_mushroom":16,"minecraft:spruce_sign":120,"minecraft:white_dye":16,"minecraft:llama_spawn_egg":1,"minecraft:beacon":17,"minecraft:stonecutter":12,"minecraft:chiseled_nether_bricks":3,"minecraft:cobblestone_slab":431,"minecraft:waxed_copper_block":32,"minecraft:warped_roots":2,"minecraft:jungle_wood":215,"minecraft:glow_item_frame":10,"minecraft:polished_blackstone_pressure_plate":17,"minecraft:mangrove_trapdoor":11,"minecraft:rabbit_spawn_egg":3,"minecraft:terracotta":1926,"minecraft:stripped_dark_oak_log":81,"minecraft:dark_prismarine_slab":58,"minecraft:dead_fire_coral_block":22,"minecraft:brown_banner":1,"minecraft:light_gray_concrete_powder":89,"minecraft:brown_glazed_terracotta":48,"minecraft:painting":369,"minecraft:magenta_carpet":24,"minecraft:smoker":60,"minecraft:warped_planks":30,"minecraft:dark_oak_door":84,"minecraft:cyan_stained_glass":3,"minecraft:activator_rail":15,"minecraft:gray_terracotta":165,"minecraft:netherite_block":24,"minecraft:piston":64,"minecraft:wooden_hoe":383,"minecraft:flower_pot":99,"minecraft:acacia_stairs":236,"minecraft:black_wool":116,"minecraft:apple":25,"minecraft:dead_fire_coral":9,"minecraft:cherry_door":1,"minecraft:command_block":10370,"minecraft:cracked_polished_blackstone_bricks":1,"minecraft:netherite_axe":51,"minecraft:detector_rail":7,"minecraft:jungle_stairs":15,"minecraft:stone_slab":1417,"minecraft:budding_amethyst":2,"minecraft:yellow_wool":763,"minecraft:acacia_fence_gate":2,"minecraft:stone_axe":6,"minecraft:brown_stained_glass_pane":11,"minecraft:fishing_rod":10,"minecraft:cherry_stairs":10,"minecraft:mud_brick_wall":4,"minecraft:white_banner":42,"minecraft:bucket":2,"minecraft:jungle_door":19,"minecraft:chain_command_block":4160,"minecraft:red_banner":14,"minecraft:lapis_block":34,"minecraft:magenta_glazed_terracotta":13551,"minecraft:polished_blackstone_button":114,"minecraft:sea_pickle":70,"minecraft:purple_carpet":2,"minecraft:gray_wool":1392,"minecraft:birch_stairs":204,"minecraft:smooth_stone":1064,"minecraft:splash_potion":13,"minecraft:pillager_spawn_egg":1,"minecraft:soul_torch":3},"minecraft:killed":{"minecraft:zombie_horse":1,"minecraft:mule":1,"minecraft:chicken":5,"minecraft:pillager":2,"minecraft:donkey":8,"minecraft:horse":5,"minecraft:zombified_piglin":1,"minecraft:bee":2,"minecraft:wolf":2,"minecraft:piglin":1,"minecraft:pig":5,"minecraft:sheep":4,"minecraft:llama":1,"minecraft:villager":1},"minecraft:mined":{"minecraft:oak_wall_sign":3,"minecraft:oak_sign":2,"minecraft:wheat":1,"minecraft:purple_glazed_terracotta":1,"minecraft:lime_glazed_terracotta":1,"minecraft:orange_wool":3,"minecraft:grass_block":1,"minecraft:orange_glazed_terracotta":1,"minecraft:gray_stained_glass":1,"minecraft:redstone_torch":2},"minecraft:dropped":{"minecraft:repeating_command_block":15,"minecraft:short_grass":1,"minecraft:porkchop":13,"minecraft:oak_pressure_plate":1,"minecraft:cooked_beef":4,"minecraft:emerald_ore":1,"minecraft:glass_bottle":72,"minecraft:diamond":5,"minecraft:crafting_table":1,"minecraft:cookie":12,"minecraft:mossy_stone_brick_stairs":1,"minecraft:saddle":1,"minecraft:quartz_pillar":1,"minecraft:item_frame":65,"minecraft:light_weighted_pressure_plate":1,"minecraft:emerald":180,"minecraft:dirt":3,"minecraft:birch_fence":1,"minecraft:stone_button":4,"minecraft:dark_oak_trapdoor":2,"minecraft:gold_nugget":15,"minecraft:iron_pickaxe":3,"minecraft:sugar":94,"minecraft:white_wool":87,"minecraft:fishing_rod":1,"minecraft:green_stained_glass_pane":16,"minecraft:birch_stairs":5,"minecraft:blue_bed":3,"minecraft:oak_door":6,"minecraft:lever":8,"minecraft:dead_brain_coral":1,"minecraft:wheat":183,"minecraft:blue_wool":1,"minecraft:deepslate_brick_slab":1,"minecraft:oak_planks":7,"minecraft:lime_dye":1,"minecraft:light_gray_carpet":67,"minecraft:warped_sign":1,"minecraft:azure_bluet":1,"minecraft:warped_planks":1,"minecraft:waxed_copper_block":1,"minecraft:salmon":100,"minecraft:firework_star":69,"minecraft:heavy_weighted_pressure_plate":6,"minecraft:charcoal":103,"minecraft:honey_block":2,"minecraft:quartz_block":2,"minecraft:hopper":8,"minecraft:leather_boots":9,"minecraft:ladder":1,"minecraft:spruce_slab":1,"minecraft:glass":8,"minecraft:beef":12,"minecraft:egg":39,"minecraft:wheat_seeds":192,"minecraft:gray_stained_glass_pane":2,"minecraft:clock":73,"minecraft:cobblestone":5,"minecraft:barrier":3,"minecraft:book":14,"minecraft:apple":313,"minecraft:granite":2,"minecraft:command_block":132,"minecraft:spruce_door":4,"minecraft:polished_blackstone_button":1,"minecraft:coal":2,"minecraft:polished_andesite":1,"minecraft:warped_trapdoor":1,"minecraft:acacia_sign":1,"minecraft:spruce_hanging_sign":16,"minecraft:dark_oak_leaves":1,"minecraft:gray_wool":12,"minecraft:crimson_stairs":3,"minecraft:iron_trapdoor":1,"minecraft:wooden_hoe":1,"minecraft:wooden_axe":1,"minecraft:yellow_glazed_terracotta":1,"minecraft:cooked_salmon":1,"minecraft:potion":145,"minecraft:oak_stairs":27,"minecraft:pumpkin":17,"minecraft:golden_hoe":73,"minecraft:magenta_glazed_terracotta":9,"minecraft:iron_shovel":3,"minecraft:paper":680,"minecraft:string":4,"minecraft:stone_brick_slab":1,"minecraft:creeper_head":1,"minecraft:player_head":103,"minecraft:stone_sword":1,"minecraft:dark_oak_sign":2,"minecraft:cocoa_beans":20,"minecraft:smooth_stone_slab":2,"minecraft:bowl":10,"minecraft:chicken":3,"minecraft:slime_block":1,"minecraft:structure_block":5,"minecraft:stone_slab":1,"minecraft:white_terracotta":3,"minecraft:debug_stick":1,"minecraft:orange_wool":2,"minecraft:oak_sign":22,"minecraft:spruce_fence":2,"minecraft:potato":139,"minecraft:shroomlight":1,"minecraft:stone":12,"minecraft:lime_glazed_terracotta":2,"minecraft:flower_pot":1,"minecraft:allium":1,"minecraft:spruce_planks":3,"minecraft:redstone_torch":13,"minecraft:barrel":2,"minecraft:stone_bricks":2,"minecraft:light_gray_dye":1,"minecraft:rabbit_stew":1,"minecraft:sandstone":1,"minecraft:magenta_dye":1,"minecraft:blue_orchid":1,"minecraft:orange_stained_glass_pane":4,"minecraft:black_wool":1,"minecraft:spruce_sign":1,"minecraft:crimson_nylium":1,"minecraft:brown_mushroom":22,"minecraft:birch_planks":2,"minecraft:orange_dye":1,"minecraft:purple_glazed_terracotta":2,"minecraft:stripped_birch_wood":2,"minecraft:lantern":2,"minecraft:lime_stained_glass_pane":1,"minecraft:red_wool":1,"minecraft:carrot_on_a_stick":1,"minecraft:cod":20,"minecraft:orange_glazed_terracotta":4,"minecraft:spruce_leaves":1,"minecraft:cyan_terracotta":5,"minecraft:redstone_lamp":1,"minecraft:cooked_cod":3,"minecraft:snowball":37,"minecraft:pumpkin_pie":5,"minecraft:acacia_door":1,"minecraft:pink_glazed_terracotta":1,"minecraft:gold_ingot":2,"minecraft:cauldron":2,"minecraft:smooth_sandstone_stairs":1,"minecraft:lime_wool":87,"minecraft:beetroot":41,"minecraft:honey_bottle":49,"minecraft:carrot":77,"minecraft:poppy":1,"minecraft:oak_chest_boat":1,"minecraft:leather_chestplate":37,"minecraft:birch_trapdoor":2,"minecraft:cyan_banner":1,"minecraft:oak_wood":1,"minecraft:dropper":2,"minecraft:stone_brick_wall":64,"minecraft:chest":6,"minecraft:blackstone_slab":1,"minecraft:basalt":3,"minecraft:iron_bars":1,"minecraft:arrow":13,"minecraft:cyan_concrete":1,"minecraft:chain_command_block":78,"minecraft:scaffolding":3,"minecraft:written_book":12,"minecraft:splash_potion":1,"minecraft:water_bucket":42,"minecraft:stone_hoe":10,"minecraft:bread":16,"minecraft:minecart":5,"minecraft:yellow_concrete":2,"minecraft:cyan_dye":1,"minecraft:observer":13,"minecraft:spruce_stairs":5,"minecraft:grass_block":7,"minecraft:stick":1,"minecraft:cherry_sign":1,"minecraft:blue_dye":1,"minecraft:diorite":4,"minecraft:warped_stairs":6,"minecraft:repeater":32,"minecraft:light_blue_wool":1,"minecraft:melon_slice":5,"minecraft:white_concrete":8,"minecraft:smooth_quartz":2,"minecraft:jungle_leaves":1,"minecraft:polished_andesite_stairs":1,"minecraft:iron_axe":4,"minecraft:redstone_block":73,"minecraft:dandelion":1,"minecraft:redstone":91,"minecraft:polished_diorite":1,"minecraft:farmland":1,"minecraft:brown_dye":1,"minecraft:sweet_berries":17,"minecraft:gray_stained_glass":64,"minecraft:oak_trapdoor":1,"minecraft:coarse_dirt":2,"minecraft:blaze_rod":2,"minecraft:light_gray_terracotta":1,"minecraft:lime_concrete":1,"minecraft:light_gray_wool":4,"minecraft:comparator":108,"minecraft:dirt_path":1,"minecraft:acacia_leaves":2,"minecraft:red_terracotta":2,"minecraft:filled_map":62,"minecraft:snow":2,"minecraft:oak_button":68,"minecraft:andesite":4,"minecraft:cake":13,"minecraft:dead_fire_coral":1,"minecraft:golden_sword":1,"minecraft:birch_sign":8,"minecraft:spruce_log":2},"minecraft:crafted":{"minecraft:cooked_rabbit":1,"minecraft:apple":30,"minecraft:air":0}},"DataVersion":3700}