{"stats":{"minecraft:used":{"moderndeco:devicespcgaming":6,"mdm:leafless_bamboo_decoration_2":3,"moderndeco:glasstable":4,"electronic_device_mod:monitor":4,"moderndeco:wardentoy":1,"mdm:black_office_desk":1,"minecraft:sea_lantern":7,"minecraft:smooth_quartz_slab":7,"gamingdeco:softbox_bottom":5,"modernfurniture:light_herringbone_parquet":147,"minecraft:quartz_block":14,"moderndeco:tv":8,"minecraft:spruce_planks":10,"moderndeco:pcgamingwhite":2,"mdm:shelf":1,"moderndeco:tvminidesktop":2,"moderndeco:poster_6":3,"gamingdeco:softbox_block_off":6,"minecraft:andesite":2,"refurbished_furniture:black_sofa":8,"gamingdeco:gaming_monitor_curved_nsi_off":1,"minecraft:gray_concrete":73,"moderndeco:consoleps_5":1,"minecraft:mushroom_stem":99,"minecraft:cyan_terracotta":12},"minecraft:picked_up":{"minecraft:clock":1,"minecraft:birch_slab":2,"mdm:hanging_shelf":1,"minecraft:andesite":1,"moderndeco:wardentoy":1,"moderndeco:consoleps_5pro":2,"moderndeco:tvminidesktop":1,"modernfurniture:light_herringbone_parquet":2,"moderndeco:poster_6":1,"moderndeco:endermantoy":1,"minecraft:mushroom_stem":8,"minecraft:sea_lantern":2,"minecraft:gray_concrete":2,"moderndeco:tv":4,"moderndeco:irongolemtoy":1,"minecraft:paper":9,"minecraft:quartz_block":2,"moderndeco:pcgamingwhite":1,"gamingdeco:gaming_monitor_curved_nsi_off":1,"mdm:shelf":2,"minecraft:spruce_planks":128,"minecraft:cyan_terracotta":1,"minecraft:written_book":1,"minecraft:bread":5,"moderndeco:devicespcgaming":3,"moderndeco:armchair":1,"electronic_device_mod:monitor":1,"minecraft:andesite_slab":2,"moderndeco:glasstable":1},"minecraft:custom":{"minecraft:time_since_rest":24840,"minecraft:damage_taken":30,"minecraft:sprint_one_cm":56537,"minecraft:walk_one_cm":156281,"minecraft:drop":24,"minecraft:fly_one_cm":134259,"minecraft:open_chest":1,"minecraft:crouch_one_cm":765,"minecraft:play_time":91168,"minecraft:deaths":5,"minecraft:sneak_time":1522,"minecraft:jump":125,"minecraft:leave_game":5,"minecraft:time_since_death":24800,"minecraft:total_world_time":91168,"minecraft:fall_one_cm":1324},"minecraft:dropped":{"moderndeco:tvminidesktop":1,"minecraft:cyan_terracotta":1,"minecraft:gray_concrete":1,"minecraft:sea_lantern":1,"moderndeco:pcgamingwhite":1,"moderndeco:wardentoy":1,"mdm:shelf":2,"minecraft:spruce_planks":64,"moderndeco:glasstable":1,"gamingdeco:gaming_monitor_curved_nsi_off":1,"minecraft:quartz_block":1,"moderndeco:tv":3,"electronic_device_mod:monitor":1,"moderndeco:irongolemtoy":1,"moderndeco:devicespcgaming":3,"moderndeco:consoleps_5pro":1,"moderndeco:armchair":1,"moderndeco:endermantoy":1,"mdm:hanging_shelf":1,"minecraft:birch_slab":1,"minecraft:mushroom_stem":3,"moderndeco:poster_6":1}},"DataVersion":3465}