{"stats":{"minecraft:used":{"moderndeco:devicespcgaming":6,"mdm:leafless_bamboo_decoration_2":7,"moderndeco:poster_2":1,"mdm:leafless_bamboo_decoration_3":2,"minecraft:smooth_quartz_slab":8,"modernfurniture:light_herringbone_parquet":154,"gamingdeco:ob_medium":1,"moderndeco:tv":8,"minecraft:spruce_planks":10,"modernfurniture:wood_bed_d":2,"moderndeco:pcgamingwhite":2,"mdm:black_desk_extension_2":18,"gamingdeco:alpha_7_4_ob_small":1,"moderndeco:poster_6":3,"refurbished_furniture:black_sofa":8,"gamingdeco:alpha_7_4":3,"gamingdeco:gaming_monitor_curved_nsi_off":1,"minecraft:gray_concrete":91,"minecraft:black_bed":1,"moderndeco:consoleps_5":2,"minecraft:mushroom_stem":99,"moderndeco:glasstable":4,"minecraft:sea_lantern":10,"electronic_device_mod:monitor":4,"refurbished_furniture:black_kitchen_cabinetry":5,"moderndeco:wardentoy":1,"mdm:office_cabinet_3":3,"minecraft:cyan_terracotta":12,"mdm:black_office_desk":1,"refurbished_furniture:gray_stool":3,"gamingdeco:softbox_bottom":6,"minecraft:quartz_block":14,"modernfurniture:modern_wood_planks_slab_2_a":73,"modernfurniture:wood_strip_wall_4_a_top_right":5,"mdm:shelf":1,"mdm:black_desk_lamp":2,"moderndeco:tvminidesktop":2,"gamingdeco:softbox_block_off":7,"minecraft:andesite":2,"mdm:black_desk_extension_3":3,"mdm:black_desk_extension_1":7},"minecraft:picked_up":{"modernfurniture:modern_wood_planks_slab_2_a":1,"minecraft:clock":1,"minecraft:birch_slab":2,"mdm:hanging_shelf":1,"minecraft:andesite":1,"moderndeco:wardentoy":1,"mdm:black_desk_extension_1":1,"moderndeco:tvminidesktop":1,"modernfurniture:light_herringbone_parquet":130,"moderndeco:poster_6":1,"minecraft:gray_concrete":3,"minecraft:paper":10,"mdm:black_desk_extension_3":1,"moderndeco:pcgamingwhite":1,"minecraft:spruce_planks":128,"minecraft:written_book":1,"moderndeco:armchair":1,"gamingdeco:softbox_bottom":1,"moderndeco:consoleps_5pro":3,"moderndeco:endermantoy":1,"minecraft:mushroom_stem":8,"moderndeco:poster_2":1,"gamingdeco:player_y_mic":1,"minecraft:sea_lantern":3,"moderndeco:tv":4,"moderndeco:irongolemtoy":1,"minecraft:quartz_block":2,"mdm:black_desk_extension_2":1,"gamingdeco:gaming_monitor_curved_nsi_off":1,"mdm:shelf":2,"minecraft:cyan_terracotta":1,"mdm:black_desk_lamp":1,"minecraft:bread":5,"moderndeco:devicespcgaming":3,"electronic_device_mod:monitor":1,"minecraft:andesite_slab":2,"moderndeco:glasstable":1},"minecraft:custom":{"minecraft:leave_game":7,"minecraft:time_since_death":58411,"minecraft:time_since_rest":58451,"minecraft:sprint_one_cm":58922,"minecraft:walk_one_cm":205196,"minecraft:damage_taken":30,"minecraft:drop":38,"minecraft:fly_one_cm":134651,"minecraft:open_chest":1,"minecraft:crouch_one_cm":3530,"minecraft:play_time":124779,"minecraft:deaths":5,"minecraft:sneak_time":3377,"minecraft:jump":137,"minecraft:total_world_time":124779,"minecraft:fall_one_cm":1324},"minecraft:dropped":{"moderndeco:tvminidesktop":1,"gamingdeco:gaming_monitor_curved_nsi_off":1,"moderndeco:tv":3,"moderndeco:poster_2":1,"moderndeco:irongolemtoy":1,"moderndeco:devicespcgaming":3,"moderndeco:armchair":1,"gamingdeco:player_y_mic":1,"mdm:hanging_shelf":1,"minecraft:birch_slab":1,"minecraft:mushroom_stem":3,"mdm:black_desk_extension_2":1,"minecraft:cyan_terracotta":1,"moderndeco:poster_6":1,"gamingdeco:softbox_bottom":1,"minecraft:sea_lantern":2,"minecraft:gray_concrete":2,"mdm:black_desk_lamp":1,"mdm:black_desk_extension_3":1,"moderndeco:pcgamingwhite":1,"modernfurniture:light_herringbone_parquet":128,"moderndeco:wardentoy":1,"mdm:shelf":2,"minecraft:spruce_planks":64,"moderndeco:glasstable":1,"mdm:black_desk_extension_1":1,"minecraft:quartz_block":1,"modernfurniture:modern_wood_planks_slab_2_a":1,"electronic_device_mod:monitor":1,"moderndeco:consoleps_5pro":2,"minecraft:paper":1,"moderndeco:endermantoy":1}},"DataVersion":3465}