{"stats":{"minecraft:used":{"moderndeco:devicespcgaming":6,"moderndeco:poster_2":1,"mdm:leafless_bamboo_decoration_2":3,"mdm:leafless_bamboo_decoration_3":2,"minecraft:smooth_quartz_slab":7,"modernfurniture:light_herringbone_parquet":149,"gamingdeco:ob_medium":1,"moderndeco:tv":8,"modernfurniture:wood_bed_d":2,"minecraft:spruce_planks":10,"moderndeco:pcgamingwhite":2,"gamingdeco:alpha_7_4_ob_small":1,"moderndeco:poster_6":3,"refurbished_furniture:black_sofa":8,"gamingdeco:alpha_7_4":3,"gamingdeco:gaming_monitor_curved_nsi_off":1,"minecraft:gray_concrete":87,"minecraft:black_bed":1,"moderndeco:consoleps_5":2,"minecraft:mushroom_stem":99,"refurbished_furniture:black_kitchen_cabinetry":5,"electronic_device_mod:monitor":4,"moderndeco:glasstable":4,"moderndeco:wardentoy":1,"minecraft:sea_lantern":8,"minecraft:cyan_terracotta":12,"mdm:black_office_desk":1,"refurbished_furniture:gray_stool":3,"gamingdeco:softbox_bottom":6,"minecraft:quartz_block":14,"modernfurniture:wood_strip_wall_4_a_top_right":5,"mdm:shelf":1,"moderndeco:tvminidesktop":2,"gamingdeco:softbox_block_off":7,"minecraft:andesite":2},"minecraft:picked_up":{"minecraft:clock":1,"mdm:hanging_shelf":1,"minecraft:birch_slab":2,"minecraft:andesite":1,"moderndeco:wardentoy":1,"moderndeco:tvminidesktop":1,"modernfurniture:light_herringbone_parquet":2,"moderndeco:poster_6":1,"minecraft:gray_concrete":2,"minecraft:paper":10,"moderndeco:pcgamingwhite":1,"minecraft:spruce_planks":128,"minecraft:written_book":1,"moderndeco:armchair":1,"gamingdeco:softbox_bottom":1,"moderndeco:consoleps_5pro":3,"moderndeco:endermantoy":1,"minecraft:mushroom_stem":8,"moderndeco:tv":4,"minecraft:sea_lantern":2,"gamingdeco:player_y_mic":1,"moderndeco:irongolemtoy":1,"minecraft:quartz_block":2,"gamingdeco:gaming_monitor_curved_nsi_off":1,"mdm:shelf":2,"minecraft:cyan_terracotta":1,"minecraft:bread":5,"moderndeco:devicespcgaming":3,"electronic_device_mod:monitor":1,"minecraft:andesite_slab":2,"moderndeco:glasstable":1},"minecraft:custom":{"minecraft:leave_game":5,"minecraft:time_since_death":36800,"minecraft:time_since_rest":36840,"minecraft:walk_one_cm":164062,"minecraft:sprint_one_cm":56817,"minecraft:damage_taken":30,"minecraft:drop":28,"minecraft:fly_one_cm":134287,"minecraft:open_chest":1,"minecraft:crouch_one_cm":765,"minecraft:play_time":103168,"minecraft:deaths":5,"minecraft:sneak_time":1522,"minecraft:jump":125,"minecraft:total_world_time":103168,"minecraft:fall_one_cm":1324},"minecraft:dropped":{"moderndeco:tvminidesktop":1,"gamingdeco:gaming_monitor_curved_nsi_off":1,"moderndeco:tv":3,"moderndeco:devicespcgaming":3,"moderndeco:irongolemtoy":1,"moderndeco:armchair":1,"gamingdeco:player_y_mic":1,"minecraft:birch_slab":1,"mdm:hanging_shelf":1,"minecraft:mushroom_stem":3,"moderndeco:poster_6":1,"minecraft:cyan_terracotta":1,"gamingdeco:softbox_bottom":1,"minecraft:sea_lantern":1,"minecraft:gray_concrete":1,"moderndeco:pcgamingwhite":1,"moderndeco:wardentoy":1,"mdm:shelf":2,"minecraft:spruce_planks":64,"moderndeco:glasstable":1,"minecraft:quartz_block":1,"electronic_device_mod:monitor":1,"moderndeco:consoleps_5pro":2,"minecraft:paper":1,"moderndeco:endermantoy":1}},"DataVersion":3465}