{"stats":{"minecraft:dropped":{"moderndeco:tvminidesktop":1,"minecraft:cyan_terracotta":1,"minecraft:sea_lantern":1,"minecraft:gray_concrete":1,"moderndeco:wardentoy":1,"mdm:shelf":2,"minecraft:spruce_planks":64,"moderndeco:glasstable":1,"minecraft:quartz_block":1,"moderndeco:tv":3,"moderndeco:devicespcgaming":1,"moderndeco:consoleps_5pro":1,"mdm:hanging_shelf":1,"minecraft:birch_slab":1,"minecraft:mushroom_stem":3,"moderndeco:pcgamingwhite":1},"minecraft:custom":{"minecraft:time_since_rest":18391,"minecraft:sprint_one_cm":56537,"minecraft:damage_taken":30,"minecraft:walk_one_cm":151754,"minecraft:drop":17,"minecraft:fly_one_cm":134259,"minecraft:open_chest":1,"minecraft:crouch_one_cm":714,"minecraft:play_time":84719,"minecraft:deaths":5,"minecraft:sneak_time":1505,"minecraft:jump":125,"minecraft:leave_game":5,"minecraft:time_since_death":18351,"minecraft:total_world_time":84719,"minecraft:fall_one_cm":1324},"minecraft:used":{"moderndeco:devicespcgaming":4,"mdm:leafless_bamboo_decoration_2":3,"electronic_device_mod:monitor":4,"moderndeco:glasstable":4,"moderndeco:wardentoy":1,"mdm:black_office_desk":1,"minecraft:sea_lantern":7,"minecraft:cyan_terracotta":12,"minecraft:smooth_quartz_slab":7,"modernfurniture:light_herringbone_parquet":147,"minecraft:quartz_block":14,"moderndeco:tv":8,"minecraft:spruce_planks":10,"moderndeco:pcgamingwhite":2,"mdm:shelf":1,"moderndeco:poster_6":3,"moderndeco:tvminidesktop":2,"minecraft:andesite":2,"refurbished_furniture:black_sofa":8,"minecraft:gray_concrete":73,"minecraft:mushroom_stem":99},"minecraft:picked_up":{"minecraft:clock":1,"mdm:hanging_shelf":1,"minecraft:birch_slab":2,"minecraft:andesite":1,"moderndeco:wardentoy":1,"moderndeco:tvminidesktop":1,"moderndeco:consoleps_5pro":2,"modernfurniture:light_herringbone_parquet":2,"minecraft:mushroom_stem":8,"minecraft:gray_concrete":2,"moderndeco:tv":4,"minecraft:sea_lantern":2,"minecraft:paper":9,"minecraft:quartz_block":2,"moderndeco:pcgamingwhite":1,"mdm:shelf":2,"minecraft:spruce_planks":128,"minecraft:cyan_terracotta":1,"minecraft:written_book":1,"minecraft:bread":5,"moderndeco:devicespcgaming":1,"minecraft:andesite_slab":2,"moderndeco:glasstable":1}},"DataVersion":3465}